"Date","Price, EUR/MWh"
"01.01.2021","19.15"
"02.01.2021","19.15"
"03.01.2021","19.15"
"04.01.2021","19.89"
"05.01.2021","17.94"
"06.01.2021","17.59"
"07.01.2021","19.59"
"08.01.2021","20.35"
"09.01.2021","20.35"
"10.01.2021","20.35"
"11.01.2021","22.15"
"12.01.2021","26.50"
"13.01.2021","21.84"
"14.01.2021","21.38"
"15.01.2021","20.38"
"16.01.2021","20.38"
"17.01.2021","20.38"
"18.01.2021","19.14"
"19.01.2021","20.16"
"20.01.2021","19.99"
"21.01.2021","19.73"
"22.01.2021","21.64"
"23.01.2021","21.64"
"24.01.2021","21.64"
"25.01.2021","20.15"
"26.01.2021","19.57"
"27.01.2021","19.68"
"28.01.2021","20.79"
"29.01.2021","19.95"
"30.01.2021","19.95"
"31.01.2021","19.95"
"01.02.2021","18.02"
"02.02.2021","18.04"
"03.02.2021","17.93"
"04.02.2021","18.05"
"05.02.2021","18.30"
"06.02.2021","18.30"
"07.02.2021","18.30"
"08.02.2021","20.60"
"09.02.2021","19.84"
"10.02.2021","19.19"
"11.02.2021","18.06"
"12.02.2021","17.62"
"13.02.2021","17.62"
"14.02.2021","17.62"
"15.02.2021","16.43"
"16.02.2021","16.62"
"17.02.2021","16.46"
"18.02.2021","16.98"
"19.02.2021","16.41"
"20.02.2021","16.41"
"21.02.2021","16.41"
"22.02.2021","15.84"
"23.02.2021","15.90"
"24.02.2021","16.21"
"25.02.2021","15.86"
"26.02.2021","15.84"
"27.02.2021","15.84"
"28.02.2021","15.84"
"01.03.2021","16.44"
"02.03.2021","16.14"
"03.03.2021","15.95"
"04.03.2021","16.39"
"05.03.2021","16.75"
"06.03.2021","16.75"
"07.03.2021","16.75"
"08.03.2021","16.76"
"09.03.2021","17.14"
"10.03.2021","17.71"
"11.03.2021","18.04"
"12.03.2021","18.60"
"13.03.2021","18.60"
"14.03.2021","18.60"
"15.03.2021","18.40"
"16.03.2021","17.91"
"17.03.2021","18.61"
"18.03.2021","17.71"
"19.03.2021","17.79"
"20.03.2021","17.79"
"21.03.2021","17.79"
"22.03.2021","18.52"
"23.03.2021","18.51"
"24.03.2021","18.73"
"25.03.2021","18.10"
"26.03.2021","18.51"
"27.03.2021","18.51"
"28.03.2021","18.51"
"29.03.2021","18.27"
"30.03.2021","18.71"
"31.03.2021","19.19"
"01.04.2021","19.14"
"02.04.2021","19.14"
"03.04.2021","19.14"
"04.04.2021","19.14"
"05.04.2021","19.14"
"06.04.2021","20.41"
"07.04.2021","20.04"
"08.04.2021","19.54"
"09.04.2021","19.49"
"10.04.2021","19.49"
"11.04.2021","19.49"
"12.04.2021","20.71"
"13.04.2021","20.31"
"14.04.2021","20.41"
"15.04.2021","20.79"
"16.04.2021","21.04"
"17.04.2021","21.04"
"18.04.2021","21.04"
"19.04.2021","21.50"
"20.04.2021","21.48"
"21.04.2021","21.36"
"22.04.2021","21.66"
"23.04.2021","20.16"
"24.04.2021","20.16"
"25.04.2021","20.16"
"26.04.2021","20.44"
"27.04.2021","21.84"
"28.04.2021","21.91"
"29.04.2021","22.73"
"30.04.2021","23.48"
"01.05.2021","23.48"
"02.05.2021","23.48"
"03.05.2021","23.48"
"04.05.2021","23.99"
"05.05.2021","25.02"
"06.05.2021","25.00"
"07.05.2021","24.14"
"08.05.2021","24.14"
"09.05.2021","24.14"
"10.05.2021","25.35"
"11.05.2021","26.04"
"12.05.2021","26.09"
"13.05.2021","26.36"
"14.05.2021","27.38"
"15.05.2021","27.38"
"16.05.2021","27.38"
"17.05.2021","26.99"
"18.05.2021","25.57"
"19.05.2021","23.20"
"20.05.2021","24.82"
"21.05.2021","24.77"
"22.05.2021","24.77"
"23.05.2021","24.77"
"24.05.2021","24.84"
"25.05.2021","26.31"
"26.05.2021","26.76"
"27.05.2021","25.44"
"28.05.2021","25.34"
"29.05.2021","25.34"
"30.05.2021","25.34"
"31.05.2021","25.34"
"01.06.2021","26.14"
"02.06.2021","25.46"
"03.06.2021","26.02"
"04.06.2021","25.88"
"05.06.2021","25.88"
"06.06.2021","25.88"
"07.06.2021","26.70"
"08.06.2021","28.44"
"09.06.2021","28.01"
"10.06.2021","28.32"
"11.06.2021","27.90"
"12.06.2021","27.90"
"13.06.2021","27.90"
"14.06.2021","28.88"
"15.06.2021","28.15"
"16.06.2021","28.26"
"17.06.2021","28.56"
"18.06.2021","29.56"
"19.06.2021","29.56"
"20.06.2021","29.56"
"21.06.2021","29.93"
"22.06.2021","31.27"
"23.06.2021","32.04"
"24.06.2021","31.99"
"25.06.2021","32.20"
"26.06.2021","32.20"
"27.06.2021","32.20"
"28.06.2021","32.25"
"29.06.2021","33.65"
"30.06.2021","35.46"
"01.07.2021","36.67"
"02.07.2021","36.30"
"03.07.2021","36.30"
"04.07.2021","36.30"
"05.07.2021","37.64"
"06.07.2021","33.99"
"07.07.2021","32.71"
"08.07.2021","34.02"
"09.07.2021","36.89"
"10.07.2021","36.89"
"11.07.2021","36.89"
"12.07.2021","34.90"
"13.07.2021","35.42"
"14.07.2021","34.27"
"15.07.2021","33.90"
"16.07.2021","35.25"
"17.07.2021","35.25"
"18.07.2021","35.25"
"19.07.2021","36.19"
"20.07.2021","35.40"
"21.07.2021","36.05"
"22.07.2021","35.84"
"23.07.2021","35.67"
"24.07.2021","35.67"
"25.07.2021","35.67"
"26.07.2021","36.96"
"27.07.2021","37.73"
"28.07.2021","39.80"
"29.07.2021","41.25"
"30.07.2021","40.55"
"31.07.2021","40.55"
"01.08.2021","40.55"
"02.08.2021","42.11"
"03.08.2021","41.24"
"04.08.2021","41.81"
"05.08.2021","42.55"
"06.08.2021","43.01"
"07.08.2021","43.01"
"08.08.2021","43.01"
"09.08.2021","43.31"
"10.08.2021","44.61"
"11.08.2021","46.29"
"12.08.2021","45.59"
"13.08.2021","44.33"
"14.08.2021","44.33"
"15.08.2021","44.33"
"16.08.2021","47.79"
"17.08.2021","46.62"
"18.08.2021","44.81"
"19.08.2021","40.17"
"20.08.2021","41.58"
"21.08.2021","41.58"
"22.08.2021","41.58"
"23.08.2021","42.10"
"24.08.2021","45.20"
"25.08.2021","45.26"
"26.08.2021","45.20"
"27.08.2021","47.74"
"28.08.2021","47.74"
"29.08.2021","47.74"
"30.08.2021","47.74"
"31.08.2021","50.41"
"01.09.2021","49.66"
"02.09.2021","51.52"
"03.09.2021","50.92"
"04.09.2021","50.92"
"05.09.2021","50.92"
"06.09.2021","52.06"
"07.09.2021","53.49"
"08.09.2021","54.67"
"09.09.2021","56.16"
"10.09.2021","58.24"
"11.09.2021","58.24"
"12.09.2021","58.24"
"13.09.2021","61.59"
"14.09.2021","66.05"
"15.09.2021","70.08"
"16.09.2021","60.65"
"17.09.2021","65.47"
"18.09.2021","65.47"
"19.09.2021","65.47"
"20.09.2021","73.39"
"21.09.2021","71.84"
"22.09.2021","68.50"
"23.09.2021","67.28"
"24.09.2021","68.17"
"25.09.2021","68.17"
"26.09.2021","68.17"
"27.09.2021","75.78"
"28.09.2021","78.10"
"29.09.2021","80.79"
"30.09.2021","85.40"
"01.10.2021","85.15"
"02.10.2021","85.15"
"03.10.2021","85.15"
"04.10.2021","89.44"
"05.10.2021","115.95"
"06.10.2021","100.99"
"07.10.2021","92.67"
"08.10.2021","80.28"
"09.10.2021","80.28"
"10.10.2021","80.28"
"11.10.2021","83.25"
"12.10.2021","85.16"
"13.10.2021","91.35"
"14.10.2021","99.40"
"15.10.2021","88.17"
"16.10.2021","88.17"
"17.10.2021","88.17"
"18.10.2021","85.24"
"19.10.2021","87.00"
"20.10.2021","90.80"
"21.10.2021","85.95"
"22.10.2021","87.04"
"23.10.2021","87.04"
"24.10.2021","87.04"
"25.10.2021","88.12"
"26.10.2021","86.99"
"27.10.2021","84.69"
"28.10.2021","72.65"
"29.10.2021","60.61"
"30.10.2021","60.61"
"31.10.2021","60.61"
"01.11.2021","63.31"
"02.11.2021","69.36"
"03.11.2021","78.41"
"04.11.2021","72.59"
"05.11.2021","73.22"
"06.11.2021","73.22"
"07.11.2021","73.22"
"08.11.2021","76.92"
"09.11.2021","70.53"
"10.11.2021","70.00"
"11.11.2021","74.03"
"12.11.2021","72.74"
"13.11.2021","72.74"
"14.11.2021","72.74"
"15.11.2021","79.55"
"16.11.2021","93.59"
"17.11.2021","93.05"
"18.11.2021","91.51"
"19.11.2021","86.24"
"20.11.2021","86.24"
"21.11.2021","86.24"
"22.11.2021","83.70"
"23.11.2021","91.26"
"24.11.2021","93.28"
"25.11.2021","91.90"
"26.11.2021","87.47"
"27.11.2021","87.47"
"28.11.2021","87.47"
"29.11.2021","93.09"
"30.11.2021","90.76"
"01.12.2021","94.97"
"02.12.2021","92.60"
"03.12.2021","89.03"
"04.12.2021","89.03"
"05.12.2021","89.03"
"06.12.2021","89.40"
"07.12.2021","96.01"
"08.12.2021","102.89"
"09.12.2021","100.58"
"10.12.2021","103.60"
"11.12.2021","103.60"
"12.12.2021","103.60"
"13.12.2021","116.94"
"14.12.2021","127.24"
"15.12.2021","128.95"
"16.12.2021","134.80"
"17.12.2021","135.06"
"18.12.2021","135.06"
"19.12.2021","135.06"
"20.12.2021","148.00"
"21.12.2021","182.75"
"22.12.2021","165.50"
"23.12.2021","123.85"
"24.12.2021","96.00"
"25.12.2021","96.00"
"26.12.2021","96.00"
"27.12.2021","96.00"
"28.12.2021","96.00"
"29.12.2021","88.06"
"30.12.2021","78.61"
"31.12.2021","64.39"
"01.01.2022","64.39"
"02.01.2022","64.39"
"03.01.2022","64.39"
"04.01.2022","84.90"
"05.01.2022","92.39"
"06.01.2022","96.76"
"07.01.2022","86.80"
"08.01.2022","86.80"
"09.01.2022","86.80"
"10.01.2022","84.00"
"11.01.2022","80.85"
"12.01.2022","74.79"
"13.01.2022","84.42"
"14.01.2022","83.91"
"15.01.2022","83.91"
"16.01.2022","83.91"
"17.01.2022","76.00"
"18.01.2022","79.21"
"19.01.2022","74.44"
"20.01.2022","76.03"
"21.01.2022","80.21"
"22.01.2022","80.21"
"23.01.2022","80.21"
"24.01.2022","91.31"
"25.01.2022","92.29"
"26.01.2022","90.50"
"27.01.2022","90.29"
"28.01.2022","90.72"
"29.01.2022","90.72"
"30.01.2022","90.72"
"31.01.2022","83.04"
"01.02.2022","75.90"
"02.02.2022","76.10"
"03.02.2022","79.62"
"04.02.2022","81.85"
"05.02.2022","81.85"
"06.02.2022","81.85"
"07.02.2022","77.60"
"08.02.2022","75.70"
"09.02.2022","75.33"
"10.02.2022","74.67"
"11.02.2022","75.95"
"12.02.2022","75.95"
"13.02.2022","75.95"
"14.02.2022","79.31"
"15.02.2022","68.08"
"16.02.2022","69.05"
"17.02.2022","74.05"
"18.02.2022","72.86"
"19.02.2022","72.86"
"20.02.2022","72.86"
"21.02.2022","71.56"
"22.02.2022","78.86"
"23.02.2022","88.83"
"24.02.2022","115.55"
"25.02.2022","89.94"
"26.02.2022","89.94"
"27.02.2022","89.94"
"28.02.2022","98.65"
"01.03.2022","122.75"
"02.03.2022","175.05"
"03.03.2022","140.00"
"04.03.2022","194.82"
"05.03.2022","194.82"
"06.03.2022","194.82"
"07.03.2022","212.29"
"08.03.2022","208.95"
"09.03.2022","148.88"
"10.03.2022","120.36"
"11.03.2022","130.35"
"12.03.2022","130.35"
"13.03.2022","130.35"
"14.03.2022","109.50"
"15.03.2022","109.33"
"16.03.2022","97.54"
"17.03.2022","101.00"
"18.03.2022","95.35"
"19.03.2022","95.35"
"20.03.2022","95.35"
"21.03.2022","91.60"
"22.03.2022","94.69"
"23.03.2022","109.92"
"24.03.2022","98.12"
"25.03.2022","95.50"
"26.03.2022","95.50"
"27.03.2022","95.50"
"28.03.2022","102.76"
"29.03.2022","106.30"
"30.03.2022","115.75"
"31.03.2022","124.50"
"01.04.2022","111.67"
"02.04.2022","111.67"
"03.04.2022","111.67"
"04.04.2022","109.28"
"05.04.2022","107.11"
"06.04.2022","106.15"
"07.04.2022","103.08"
"08.04.2022","102.50"
"09.04.2022","102.50"
"10.04.2022","102.50"
"11.04.2022","101.24"
"12.04.2022","102.54"
"13.04.2022","103.60"
"14.04.2022","87.00"
"15.04.2022","87.00"
"16.04.2022","87.00"
"17.04.2022","87.00"
"18.04.2022","87.00"
"19.04.2022","91.20"
"20.04.2022","91.04"
"21.04.2022","98.00"
"22.04.2022","92.03"
"23.04.2022","92.03"
"24.04.2022","92.03"
"25.04.2022","93.80"
"26.04.2022","97.41"
"27.04.2022","103.58"
"28.04.2022","99.15"
"29.04.2022","95.47"
"30.04.2022","95.47"
"01.05.2022","95.47"
"02.05.2022","95.47"
"03.05.2022","96.24"
"04.05.2022","101.70"
"05.05.2022","96.00"
"06.05.2022","86.97"
"07.05.2022","86.97"
"08.05.2022","86.97"
"09.05.2022","82.95"
"10.05.2022","81.49"
"11.05.2022","82.28"
"12.05.2022","88.00"
"13.05.2022","93.03"
"14.05.2022","93.03"
"15.05.2022","93.03"
"16.05.2022","92.50"
"17.05.2022","91.95"
"18.05.2022","89.09"
"19.05.2022","88.33"
"20.05.2022","84.97"
"21.05.2022","84.97"
"22.05.2022","84.97"
"23.05.2022","77.26"
"24.05.2022","79.09"
"25.05.2022","81.66"
"26.05.2022","82.26"
"27.05.2022","83.05"
"28.05.2022","83.05"
"29.05.2022","83.05"
"30.05.2022","87.06"
"31.05.2022","85.89"
"01.06.2022","76.29"
"02.06.2022","76.29"
"03.06.2022","76.29"
"04.06.2022","76.29"
"05.06.2022","76.29"
"06.06.2022","77.33"
"07.06.2022","78.30"
"08.06.2022","75.85"
"09.06.2022","83.12"
"10.06.2022","80.21"
"11.06.2022","80.21"
"12.06.2022","80.21"
"13.06.2022","80.35"
"14.06.2022","95.65"
"15.06.2022","109.70"
"16.06.2022","117.04"
"17.06.2022","106.84"
"18.06.2022","106.84"
"19.06.2022","106.84"
"20.06.2022","118.00"
"21.06.2022","123.53"
"22.06.2022","125.47"
"23.06.2022","128.61"
"24.06.2022","126.39"
"25.06.2022","126.39"
"26.06.2022","126.39"
"27.06.2022","129.07"
"28.06.2022","130.00"
"29.06.2022","139.21"
"30.06.2022","144.79"
"01.07.2022","145.88"
"02.07.2022","145.88"
"03.07.2022","145.88"
"04.07.2022","162.29"
"05.07.2022","158.01"
"06.07.2022","175.25"
"07.07.2022","185.68"
"08.07.2022","168.90"
"09.07.2022","168.90"
"10.07.2022","168.90"
"11.07.2022","162.00"
"12.07.2022","173.03"
"13.07.2022","182.00"
"14.07.2022","169.54"
"15.07.2022","154.45"
"16.07.2022","154.45"
"17.07.2022","154.45"
"18.07.2022","155.40"
"19.07.2022","151.34"
"20.07.2022","154.20"
"21.07.2022","154.86"
"22.07.2022","160.50"
"23.07.2022","160.50"
"24.07.2022","160.50"
"25.07.2022","174.47"
"26.07.2022","202.30"
"27.07.2022","203.95"
"28.07.2022","199.88"
"29.07.2022","191.81"
"30.07.2022","191.81"
"31.07.2022","191.81"
"01.08.2022","198.39"
"02.08.2022","200.30"
"03.08.2022","196.00"
"04.08.2022","198.18"
"05.08.2022","192.35"
"06.08.2022","192.35"
"07.08.2022","192.35"
"08.08.2022","190.88"
"09.08.2022","192.35"
"10.08.2022","202.40"
"11.08.2022","206.14"
"12.08.2022","200.51"
"13.08.2022","200.51"
"14.08.2022","200.51"
"15.08.2022","221.00"
"16.08.2022","223.41"
"17.08.2022","226.84"
"18.08.2022","238.84"
"19.08.2022","245.90"
"20.08.2022","245.90"
"21.08.2022","245.90"
"22.08.2022","282.10"
"23.08.2022","264.57"
"24.08.2022","292.50"
"25.08.2022","307.70"
"26.08.2022","304.99"
"27.08.2022","304.99"
"28.08.2022","304.99"
"29.08.2022","304.99"
"30.08.2022","244.00"
"31.08.2022","230.53"
"01.09.2022","225.50"
"02.09.2022","175.00"
"03.09.2022","175.00"
"04.09.2022","175.00"
"05.09.2022","219.70"
"06.09.2022","230.25"
"07.09.2022","209.50"
"08.09.2022","205.99"
"09.09.2022","190.56"
"10.09.2022","190.56"
"11.09.2022","190.56"
"12.09.2022","190.50"
"13.09.2022","199.35"
"14.09.2022","219.64"
"15.09.2022","196.88"
"16.09.2022","173.25"
"17.09.2022","173.25"
"18.09.2022","173.25"
"19.09.2022","158.72"
"20.09.2022","176.00"
"21.09.2022","171.64"
"22.09.2022","169.50"
"23.09.2022","174.00"
"24.09.2022","174.00"
"25.09.2022","174.00"
"26.09.2022","168.85"
"27.09.2022","203.91"
"28.09.2022","196.97"
"29.09.2022","178.20"
"30.09.2022","159.00"
"01.10.2022","159.00"
"02.10.2022","159.00"
"03.10.2022","126.50"
"04.10.2022","80.22"
"05.10.2022","101.21"
"06.10.2022","129.75"
"07.10.2022","99.24"
"08.10.2022","99.24"
"09.10.2022","99.24"
"10.10.2022","102.99"
"11.10.2022","101.10"
"12.10.2022","103.34"
"13.10.2022","85.10"
"14.10.2022","65.81"
"15.10.2022","65.81"
"16.10.2022","65.81"
"17.10.2022","64.30"
"18.10.2022","70.50"
"19.10.2022","64.00"
"20.10.2022","55.52"
"21.10.2022","37.77"
"22.10.2022","37.77"
"23.10.2022","37.77"
"24.10.2022","27.55"
"25.10.2022","40.69"
"26.10.2022","29.50"
"27.10.2022","29.40"
"28.10.2022","36.75"
"29.10.2022","36.75"
"30.10.2022","36.75"
"31.10.2022","29.70"
"01.11.2022","23.85"
"02.11.2022","60.00"
"03.11.2022","66.10"
"04.11.2022","59.23"
"05.11.2022","59.23"
"06.11.2022","59.23"
"07.11.2022","65.00"
"08.11.2022","88.22"
"09.11.2022","86.21"
"10.11.2022","67.50"
"11.11.2022","69.42"
"12.11.2022","69.42"
"13.11.2022","69.42"
"14.11.2022","111.95"
"15.11.2022","116.22"
"16.11.2022","98.95"
"17.11.2022","107.36"
"18.11.2022","108.00"
"19.11.2022","108.00"
"20.11.2022","108.00"
"21.11.2022","112.10"
"22.11.2022","117.00"
"23.11.2022","129.30"
"24.11.2022","119.78"
"25.11.2022","125.78"
"26.11.2022","125.78"
"27.11.2022","125.78"
"28.11.2022","125.47"
"29.11.2022","132.65"
"30.11.2022","139.80"
"01.12.2022","135.32"
"02.12.2022","133.82"
"03.12.2022","133.82"
"04.12.2022","133.82"
"05.12.2022","136.03"
"06.12.2022","139.88"
"07.12.2022","148.89"
"08.12.2022","137.21"
"09.12.2022","144.93"
"10.12.2022","144.93"
"11.12.2022","144.93"
"12.12.2022","137.26"
"13.12.2022","138.85"
"14.12.2022","133.15"
"15.12.2022","135.28"
"16.12.2022","117.78"
"17.12.2022","117.78"
"18.12.2022","117.78"
"19.12.2022","106.74"
"20.12.2022","104.47"
"21.12.2022","94.33"
"22.12.2022","88.65"
"23.12.2022","84.05"
"24.12.2022","84.05"
"25.12.2022","84.05"
"26.12.2022","84.05"
"27.12.2022","84.05"
"28.12.2022","75.49"
"29.12.2022","79.36"
"30.12.2022","75.00"
"31.12.2022","75.00"
"01.01.2023","75.00"
"02.01.2023","75.00"
"03.01.2023","66.12"
"04.01.2023","62.55"
"05.01.2023","66.00"
"06.01.2023","65.35"
"07.01.2023","65.35"
"08.01.2023","65.35"
"09.01.2023","72.45"
"10.01.2023","67.38"
"11.01.2023","62.51"
"12.01.2023","64.86"
"13.01.2023","63.01"
"14.01.2023","63.01"
"15.01.2023","63.01"
"16.01.2023","55.01"
"17.01.2023","60.04"
"18.01.2023","63.23"
"19.01.2023","61.70"
"20.01.2023","69.72"
"21.01.2023","69.72"
"22.01.2023","69.72"
"23.01.2023","66.94"
"24.01.2023","59.04"
"25.01.2023","58.17"
"26.01.2023","56.04"
"27.01.2023","57.69"
"28.01.2023","57.69"
"29.01.2023","57.69"
"30.01.2023","56.54"
"31.01.2023","58.09"
"01.02.2023","59.75"
"02.02.2023","55.86"
"03.02.2023","59.86"
"04.02.2023","59.86"
"05.02.2023","59.86"
"06.02.2023","59.66"
"07.02.2023","55.16"
"08.02.2023","54.73"
"09.02.2023","54.44"
"10.02.2023","55.02"
"11.02.2023","55.02"
"12.02.2023","55.02"
"13.02.2023","53.08"
"14.02.2023","53.39"
"15.02.2023","54.62"
"16.02.2023","51.52"
"17.02.2023","48.61"
"18.02.2023","48.61"
"19.02.2023","48.61"
"20.02.2023","49.36"
"21.02.2023","49.49"
"22.02.2023","50.31"
"23.02.2023","50.17"
"24.02.2023","52.35"
"25.02.2023","52.35"
"26.02.2023","52.35"
"27.02.2023","47.96"
"28.02.2023","47.29"
"01.03.2023","48.58"
"02.03.2023","47.46"
"03.03.2023","46.17"
"04.03.2023","46.17"
"05.03.2023","46.17"
"06.03.2023","43.94"
"07.03.2023","45.24"
"08.03.2023","42.91"
"09.03.2023","45.77"
"10.03.2023","52.86"
"11.03.2023","52.86"
"12.03.2023","52.86"
"13.03.2023","48.79"
"14.03.2023","45.58"
"15.03.2023","43.21"
"16.03.2023","44.80"
"17.03.2023","41.14"
"18.03.2023","41.14"
"19.03.2023","41.14"
"20.03.2023","38.75"
"21.03.2023","41.27"
"22.03.2023","39.19"
"23.03.2023","42.24"
"24.03.2023","41.61"
"25.03.2023","41.61"
"26.03.2023","41.61"
"27.03.2023","43.01"
"28.03.2023","42.77"
"29.03.2023","42.51"
"30.03.2023","42.85"
"31.03.2023","47.15"
"01.04.2023","47.15"
"02.04.2023","47.15"
"03.04.2023","51.71"
"04.04.2023","46.54"
"05.04.2023","45.50"
"06.04.2023","42.96"
"07.04.2023","42.96"
"08.04.2023","42.96"
"09.04.2023","42.96"
"10.04.2023","42.96"
"11.04.2023","43.90"
"12.04.2023","44.15"
"13.04.2023","43.05"
"14.04.2023","41.31"
"15.04.2023","41.31"
"16.04.2023","41.31"
"17.04.2023","41.58"
"18.04.2023","42.51"
"19.04.2023","40.25"
"20.04.2023","41.15"
"21.04.2023","40.48"
"22.04.2023","40.48"
"23.04.2023","40.48"
"24.04.2023","39.61"
"25.04.2023","40.04"
"26.04.2023","38.91"
"27.04.2023","39.00"
"28.04.2023","37.60"
"29.04.2023","37.60"
"30.04.2023","37.60"
"01.05.2023","37.60"
"02.05.2023","37.02"
"03.05.2023","36.46"
"04.05.2023","34.99"
"05.05.2023","35.92"
"06.05.2023","35.92"
"07.05.2023","35.92"
"08.05.2023","35.92"
"09.05.2023","35.79"
"10.05.2023","34.92"
"11.05.2023","34.08"
"12.05.2023","30.80"
"13.05.2023","30.80"
"14.05.2023","30.80"
"15.05.2023","31.21"
"16.05.2023","32.08"
"17.05.2023","31.18"
"18.05.2023","29.45"
"19.05.2023","29.20"
"20.05.2023","29.20"
"21.05.2023","29.20"
"22.05.2023","28.54"
"23.05.2023","29.41"
"24.05.2023","27.74"
"25.05.2023","25.12"
"26.05.2023","24.55"
"27.05.2023","24.55"
"28.05.2023","24.55"
"29.05.2023","24.55"
"30.05.2023","25.57"
"31.05.2023","25.77"
"01.06.2023","23.34"
"02.06.2023","23.50"
"03.06.2023","23.50"
"04.06.2023","23.50"
"05.06.2023","28.99"
"06.06.2023","25.55"
"07.06.2023","26.66"
"08.06.2023","26.68"
"09.06.2023","32.01"
"10.06.2023","32.01"
"11.06.2023","32.01"
"12.06.2023","30.11"
"13.06.2023","35.66"
"14.06.2023","38.10"
"15.06.2023","40.70"
"16.06.2023","33.27"
"17.06.2023","33.27"
"18.06.2023","33.27"
"19.06.2023","34.91"
"20.06.2023","37.96"
"21.06.2023","37.90"
"22.06.2023","34.23"
"23.06.2023","32.70"
"24.06.2023","32.70"
"25.06.2023","32.70"
"26.06.2023","32.59"
"27.06.2023","35.00"
"28.06.2023","34.40"
"29.06.2023","34.40"
"30.06.2023","36.66"
"01.07.2023","36.66"
"02.07.2023","36.66"
"03.07.2023","34.02"
"04.07.2023","34.83"
"05.07.2023","34.10"
"06.07.2023","32.04"
"07.07.2023","32.39"
"08.07.2023","32.39"
"09.07.2023","32.39"
"10.07.2023","29.51"
"11.07.2023","28.60"
"12.07.2023","26.81"
"13.07.2023","26.51"
"14.07.2023","24.70"
"15.07.2023","24.70"
"16.07.2023","24.70"
"17.07.2023","25.06"
"18.07.2023","27.14"
"19.07.2023","26.24"
"20.07.2023","28.11"
"21.07.2023","27.12"
"22.07.2023","27.12"
"23.07.2023","27.12"
"24.07.2023","29.84"
"25.07.2023","32.09"
"26.07.2023","28.61"
"27.07.2023","28.10"
"28.07.2023","25.24"
"29.07.2023","25.24"
"30.07.2023","25.24"
"31.07.2023","26.89"
"01.08.2023","26.06"
"02.08.2023","27.90"
"03.08.2023","30.09"
"04.08.2023","28.44"
"05.08.2023","28.44"
"06.08.2023","28.44"
"07.08.2023","29.02"
"08.08.2023","29.32"
"09.08.2023","37.00"
"10.08.2023","34.51"
"11.08.2023","31.57"
"12.08.2023","31.57"
"13.08.2023","31.57"
"14.08.2023","31.56"
"15.08.2023","35.94"
"16.08.2023","34.96"
"17.08.2023","33.09"
"18.08.2023","34.17"
"19.08.2023","34.17"
"20.08.2023","34.17"
"21.08.2023","39.49"
"22.08.2023","43.44"
"23.08.2023","36.42"
"24.08.2023","32.04"
"25.08.2023","37.50"
"26.08.2023","37.50"
"27.08.2023","37.50"
"28.08.2023","37.50"
"29.08.2023","35.29"
"30.08.2023","35.91"
"31.08.2023","32.20"
"01.09.2023","33.12"
"02.09.2023","33.12"
"03.09.2023","33.12"
"04.09.2023","31.95"
"05.09.2023","33.40"
"06.09.2023","31.45"
"07.09.2023","33.02"
"08.09.2023","34.64"
"09.09.2023","34.64"
"10.09.2023","34.64"
"11.09.2023","37.66"
"12.09.2023","35.85"
"13.09.2023","37.48"
"14.09.2023","35.90"
"15.09.2023","36.69"
"16.09.2023","36.69"
"17.09.2023","36.69"
"18.09.2023","34.36"
"19.09.2023","38.10"
"20.09.2023","37.69"
"21.09.2023","39.09"
"22.09.2023","40.55"
"23.09.2023","40.55"
"24.09.2023","40.55"
"25.09.2023","44.73"
"26.09.2023","40.12"
"27.09.2023","40.14"
"28.09.2023","39.50"
"29.09.2023","37.36"
"30.09.2023","37.36"
"01.10.2023","37.36"
"02.10.2023","32.12"
"03.10.2023","30.91"
"04.10.2023","33.23"
"05.10.2023","28.16"
"06.10.2023","32.25"
"07.10.2023","32.25"
"08.10.2023","32.25"
"09.10.2023","40.73"
"10.10.2023","45.31"
"11.10.2023","44.81"
"12.10.2023","48.65"
"13.10.2023","55.24"
"14.10.2023","55.24"
"15.10.2023","55.24"
"16.10.2023","47.14"
"17.10.2023","46.48"
"18.10.2023","48.31"
"19.10.2023","44.83"
"20.10.2023","45.71"
"21.10.2023","45.71"
"22.10.2023","45.71"
"23.10.2023","48.74"
"24.10.2023","48.35"
"25.10.2023","48.17"
"26.10.2023","47.89"
"27.10.2023","47.08"
"28.10.2023","47.08"
"29.10.2023","47.08"
"30.10.2023","47.83"
"31.10.2023","40.89"
"01.11.2023","36.95"
"02.11.2023","40.65"
"03.11.2023","39.84"
"04.11.2023","39.84"
"05.11.2023","39.84"
"06.11.2023","40.52"
"07.11.2023","43.40"
"08.11.2023","44.05"
"09.11.2023","42.44"
"10.11.2023","43.45"
"11.11.2023","43.45"
"12.11.2023","43.45"
"13.11.2023","41.44"
"14.11.2023","44.50"
"15.11.2023","45.55"
"16.11.2023","45.58"
"17.11.2023","44.36"
"18.11.2023","44.36"
"19.11.2023","44.36"
"20.11.2023","45.89"
"21.11.2023","43.76"
"22.11.2023","44.24"
"23.11.2023","46.45"
"24.11.2023","46.98"
"25.11.2023","46.98"
"26.11.2023","46.98"
"27.11.2023","44.48"
"28.11.2023","44.90"
"29.11.2023","41.66"
"30.11.2023","40.89"
"01.12.2023","43.56"
"02.12.2023","43.56"
"03.12.2023","43.56"
"04.12.2023","39.62"
"05.12.2023","37.61"
"06.12.2023","39.05"
"07.12.2023","39.74"
"08.12.2023","38.23"
"09.12.2023","38.23"
"10.12.2023","38.23"
"11.12.2023","35.49"
"12.12.2023","34.60"
"13.12.2023","34.94"
"14.12.2023","34.12"
"15.12.2023","31.31"
"16.12.2023","31.31"
"17.12.2023","31.31"
"18.12.2023","34.20"
"19.12.2023","32.11"
"20.12.2023","32.88"
"21.12.2023","33.14"
"22.12.2023","32.64"
"23.12.2023","32.64"
"24.12.2023","32.64"
"25.12.2023","32.64"
"26.12.2023","32.64"
"27.12.2023","33.90"
"28.12.2023","31.50"
"29.12.2023","30.89"
"30.12.2023","30.89"
"31.12.2023","30.89"
"01.01.2024","30.89"
"02.01.2024","28.48"
"03.01.2024","31.69"
"04.01.2024","32.14"
"05.01.2024","34.46"
"06.01.2024","34.46"
"07.01.2024","34.46"
"08.01.2024","31.38"
"09.01.2024","31.36"
"10.01.2024","31.06"
"11.01.2024","31.23"
"12.01.2024","31.93"
"13.01.2024","31.93"
"14.01.2024","31.93"
"15.01.2024","30.73"
"16.01.2024","29.76"
"17.01.2024","28.00"
"18.01.2024","28.74"
"19.01.2024","27.84"
"20.01.2024","27.84"
"21.01.2024","27.84"
"22.01.2024","27.30"
"23.01.2024","26.59"
"24.01.2024","29.04"
"25.01.2024","27.20"
"26.01.2024","27.77"
"27.01.2024","27.77"
"28.01.2024","27.77"
"29.01.2024","28.27"
"30.01.2024","29.85"
"31.01.2024","29.43"
"01.02.2024","28.77"
"02.02.2024","28.74"
"03.02.2024","28.74"
"04.02.2024","28.74"
"05.02.2024","27.62"
"06.02.2024","29.06"
"07.02.2024","28.70"
"08.02.2024","27.64"
"09.02.2024","26.64"
"10.02.2024","26.64"
"11.02.2024","26.64"
"12.02.2024","25.69"
"13.02.2024","25.20"
"14.02.2024","24.60"
"15.02.2024","24.57"
"16.02.2024","24.59"
"17.02.2024","24.59"
"18.02.2024","24.59"
"19.02.2024","23.32"
"20.02.2024","23.89"
"21.02.2024","23.96"
"22.02.2024","22.93"
"23.02.2024","23.34"
"24.02.2024","23.34"
"25.02.2024","23.34"
"26.02.2024","24.20"
"27.02.2024","24.75"
"28.02.2024","25.30"
"29.02.2024","24.84"
"01.03.2024","25.68"
"02.03.2024","25.68"
"03.03.2024","25.68"
"04.03.2024","27.21"
"05.03.2024","27.29"
"06.03.2024","26.09"
"07.03.2024","25.81"
"08.03.2024","26.34"
"09.03.2024","26.34"
"10.03.2024","26.34"
"11.03.2024","25.01"
"12.03.2024","25.01"
"13.03.2024","24.54"
"14.03.2024","25.32"
"15.03.2024","26.99"
"16.03.2024","26.99"
"17.03.2024","26.99"
"18.03.2024","28.52"
"19.03.2024","28.82"
"20.03.2024","27.60"
"21.03.2024","26.35"
"22.03.2024","27.36"
"23.03.2024","27.36"
"24.03.2024","27.36"
"25.03.2024","27.96"
"26.03.2024","27.21"
"27.03.2024","27.40"
"28.03.2024","27.77"
"29.03.2024","27.77"
"30.03.2024","27.77"
"31.03.2024","27.77"
"01.04.2024","27.77"
"02.04.2024","26.54"
"03.04.2024","25.74"
"04.04.2024","25.84"
"05.04.2024","26.45"
"06.04.2024","26.45"
"07.04.2024","26.45"
"08.04.2024","27.79"
"09.04.2024","27.31"
"10.04.2024","27.40"
"11.04.2024","29.16"
"12.04.2024","30.24"
"13.04.2024","30.24"
"14.04.2024","30.24"
"15.04.2024","31.62"
"16.04.2024","33.99"
"17.04.2024","31.85"
"18.04.2024","32.61"
"19.04.2024","31.31"
"20.04.2024","31.31"
"21.04.2024","31.31"
"22.04.2024","29.79"
"23.04.2024","29.07"
"24.04.2024","30.12"
"25.04.2024","30.19"
"26.04.2024","28.62"
"27.04.2024","28.62"
"28.04.2024","28.62"
"29.04.2024","27.80"
"30.04.2024","29.20"
"01.05.2024","28.45"
"02.05.2024","30.81"
"03.05.2024","30.25"
"04.05.2024","30.25"
"05.05.2024","30.25"
"06.05.2024","30.25"
"07.05.2024","31.62"
"08.05.2024","30.55"
"09.05.2024","30.64"
"10.05.2024","29.31"
"11.05.2024","29.31"
"12.05.2024","29.31"
"13.05.2024","28.75"
"14.05.2024","28.96"
"15.05.2024","29.40"
"16.05.2024","30.12"
"17.05.2024","30.80"
"18.05.2024","30.80"
"19.05.2024","30.80"
"20.05.2024","32.31"
"21.05.2024","33.00"
"22.05.2024","34.30"
"23.05.2024","35.29"
"24.05.2024","34.34"
"25.05.2024","34.34"
"26.05.2024","34.34"
"27.05.2024","34.34"
"28.05.2024","34.00"
"29.05.2024","34.38"
"30.05.2024","34.94"
"31.05.2024","34.41"
"01.06.2024","34.41"
"02.06.2024","34.41"
"03.06.2024","35.96"
"04.06.2024","33.89"
"05.06.2024","33.33"
"06.06.2024","33.04"
"07.06.2024","32.76"
"08.06.2024","32.76"
"09.06.2024","32.76"
"10.06.2024","34.66"
"11.06.2024","34.04"
"12.06.2024","35.09"
"13.06.2024","35.29"
"14.06.2024","35.24"
"15.06.2024","35.24"
"16.06.2024","35.24"
"17.06.2024","34.19"
"18.06.2024","34.20"
"19.06.2024","34.96"
"20.06.2024","33.92"
"21.06.2024","33.90"
"22.06.2024","33.90"
"23.06.2024","33.90"
"24.06.2024","34.14"
"25.06.2024","34.65"
"26.06.2024","33.69"
"27.06.2024","33.98"
"28.06.2024","33.95"
"29.06.2024","33.95"
"30.06.2024","33.95"
"01.07.2024","32.99"
"02.07.2024","33.11"
"03.07.2024","32.41"
"04.07.2024","33.06"
"05.07.2024","32.59"
"06.07.2024","32.59"
"07.07.2024","32.59"
"08.07.2024","31.60"
"09.07.2024","30.77"
"10.07.2024","30.48"
"11.07.2024","30.82"
"12.07.2024","31.51"
"13.07.2024","31.51"
"14.07.2024","31.51"
"15.07.2024","31.06"
"16.07.2024","32.69"
"17.07.2024","31.54"
"18.07.2024","32.14"
"19.07.2024","31.61"
"20.07.2024","31.61"
"21.07.2024","31.61"
"22.07.2024","31.70"
"23.07.2024","31.19"
"24.07.2024","32.65"
"25.07.2024","31.84"
"26.07.2024","32.34"
"27.07.2024","32.34"
"28.07.2024","32.34"
"29.07.2024","33.60"
"30.07.2024","34.16"
"31.07.2024","34.89"
"01.08.2024","36.01"
"02.08.2024","36.19"
"03.08.2024","36.19"
"04.08.2024","36.19"
"05.08.2024","35.16"
"06.08.2024","35.96"
"07.08.2024","38.04"
"08.08.2024","39.29"
"09.08.2024","39.12"
"10.08.2024","39.12"
"11.08.2024","39.12"
"12.08.2024","38.81"
"13.08.2024","38.16"
"14.08.2024","38.34"
"15.08.2024","38.80"
"16.08.2024","39.04"
"17.08.2024","39.04"
"18.08.2024","39.04"
"19.08.2024","39.24"
"20.08.2024","37.15"
"21.08.2024","36.34"
"22.08.2024","36.00"
"23.08.2024","36.69"
"24.08.2024","36.69"
"25.08.2024","36.69"
"26.08.2024","36.69"
"27.08.2024","38.31"
"28.08.2024","38.69"
"29.08.2024","38.84"
"30.08.2024","39.10"
"31.08.2024","39.10"
"01.09.2024","39.10"
"02.09.2024","38.62"
"03.09.2024","37.09"
"04.09.2024","35.56"
"05.09.2024","35.54"
"06.09.2024","36.15"
"07.09.2024","36.15"
"08.09.2024","36.15"
"09.09.2024","36.81"
"10.09.2024","35.08"
"11.09.2024","36.26"
"12.09.2024","35.54"
"13.09.2024","36.00"
"14.09.2024","36.00"
"15.09.2024","36.00"
"16.09.2024","34.38"
"17.09.2024","35.24"
"18.09.2024","34.86"
"19.09.2024","32.46"
"20.09.2024","34.51"
"21.09.2024","34.51"
"22.09.2024","34.51"
"23.09.2024","36.44"
"24.09.2024","36.34"
"25.09.2024","37.40"
"26.09.2024","38.06"
"27.09.2024","38.38"
"28.09.2024","38.38"
"29.09.2024","38.38"
"30.09.2024","38.65"
"01.10.2024","38.86"
"02.10.2024","38.49"
"03.10.2024","39.52"
"04.10.2024","40.40"
"05.10.2024","40.40"
"06.10.2024","40.40"
"07.10.2024","40.10"
"08.10.2024","38.04"
"09.10.2024","37.88"
"10.10.2024","39.59"
"11.10.2024","39.52"
"12.10.2024","39.52"
"13.10.2024","39.52"
"14.10.2024","39.89"
"15.10.2024","39.39"
"16.10.2024","38.76"
"17.10.2024","39.23"
"18.10.2024","38.69"
"19.10.2024","38.69"
"20.10.2024","38.69"
"21.10.2024","39.86"
"22.10.2024","40.92"
"23.10.2024","41.31"
"24.10.2024","41.95"
"25.10.2024","43.35"
"26.10.2024","43.35"
"27.10.2024","43.35"
"28.10.2024","42.16"
"29.10.2024","42.11"
"30.10.2024","40.52"
"31.10.2024","38.84"
"01.11.2024","37.99"
"02.11.2024","37.99"
"03.11.2024","37.99"
"04.11.2024","40.05"
"05.11.2024","40.20"
"06.11.2024","40.51"
"07.11.2024","40.96"
"08.11.2024","41.61"
"09.11.2024","41.61"
"10.11.2024","41.61"
"11.11.2024","43.85"
"12.11.2024","43.80"
"13.11.2024","43.69"
"14.11.2024","45.89"
"15.11.2024","45.71"
"16.11.2024","45.71"
"17.11.2024","45.71"
"18.11.2024","46.76"
"19.11.2024","45.70"
"20.11.2024","46.67"
"21.11.2024","48.56"
"22.11.2024","46.46"
"23.11.2024","46.46"
"24.11.2024","46.46"
"25.11.2024","47.60"
"26.11.2024","46.61"
"27.11.2024","46.48"
"28.11.2024","46.56"
"29.11.2024","46.96"
"30.11.2024","46.96"
"01.12.2024","46.96"
"02.12.2024","48.39"
"03.12.2024","48.38"
"04.12.2024","46.76"
"05.12.2024","46.09"
"06.12.2024","45.89"
"07.12.2024","45.89"
"08.12.2024","45.89"
"09.12.2024","45.05"
"10.12.2024","45.59"
"11.12.2024","44.84"
"12.12.2024","42.81"
"13.12.2024","40.96"
"14.12.2024","40.96"
"15.12.2024","40.96"
"16.12.2024","39.79"
"17.12.2024","41.35"
"18.12.2024","40.67"
"19.12.2024","42.69"
"20.12.2024","43.24"
"21.12.2024","43.24"
"22.12.2024","43.24"
"23.12.2024","45.00"
"24.12.2024","45.24"
"25.12.2024","45.24"
"26.12.2024","45.24"
"27.12.2024","47.46"
"28.12.2024","47.46"
"29.12.2024","47.46"
"30.12.2024","47.52"
"31.12.2024","48.66"
"01.01.2025","48.66"
"02.01.2025","49.84"
"03.01.2025","49.42"
"04.01.2025","49.42"
"05.01.2025","49.42"
"06.01.2025","46.95"
"07.01.2025","47.66"
"08.01.2025","45.79"
"09.01.2025","45.48"
"10.01.2025","46.16"
"11.01.2025","46.16"
"12.01.2025","46.16"
"13.01.2025","49.24"
"14.01.2025","47.64"
"15.01.2025","47.20"
"16.01.2025","47.01"
"17.01.2025","48.40"
"18.01.2025","48.40"
"19.01.2025","48.40"
"20.01.2025","49.54"
"21.01.2025","50.36"
"22.01.2025","48.69"
"23.01.2025","48.67"
"24.01.2025","49.46"
"25.01.2025","49.46"
"26.01.2025","49.46"
"27.01.2025","47.71"
"28.01.2025","48.35"
"29.01.2025","51.41"
"30.01.2025","51.90"
"31.01.2025","53.66"
"01.02.2025","53.66"
"02.02.2025","53.66"
"03.02.2025","53.98"
"04.02.2025","52.02"
"05.02.2025","53.70"
"06.02.2025","54.52"
"07.02.2025","55.64"
"08.02.2025","55.64"
"09.02.2025","55.64"
"10.02.2025","58.36"
"11.02.2025","57.58"
"12.02.2025","55.95"
"13.02.2025","51.89"
"14.02.2025","51.48"
"15.02.2025","51.48"
"16.02.2025","51.48"
"17.02.2025","48.45"
"18.02.2025","49.56"
"19.02.2025","47.64"
"20.02.2025","47.02"
"21.02.2025","46.00"
"22.02.2025","46.00"
"23.02.2025","46.00"
"24.02.2025","46.90"
"25.02.2025","43.84"
"26.02.2025","41.40"
"27.02.2025","45.39"
"28.02.2025","44.74"
"01.03.2025","44.74"
"02.03.2025","44.74"
"03.03.2025","45.61"
"04.03.2025","43.56"
"05.03.2025","41.02"
"06.03.2025","37.56"
"07.03.2025","39.59"
"08.03.2025","39.59"
"09.03.2025","39.59"
"10.03.2025","41.66"
"11.03.2025","43.19"
"12.03.2025","42.46"
"13.03.2025","41.25"
"14.03.2025","42.01"
"15.03.2025","42.01"
"16.03.2025","42.01"
"17.03.2025","41.21"
"18.03.2025","39.92"
"19.03.2025","42.67"
"20.03.2025","41.90"
"21.03.2025","42.02"
"22.03.2025","42.02"
"23.03.2025","42.02"
"24.03.2025","42.11"
"25.03.2025","41.01"
"26.03.2025","40.62"
"27.03.2025","40.79"
"28.03.2025","39.76"
"29.03.2025","39.76"
"30.03.2025","39.76"
"31.03.2025","40.59"
"01.04.2025","42.11"
"02.04.2025","41.11"
"03.04.2025","39.54"
"04.04.2025","36.79"
"05.04.2025","36.79"
"06.04.2025","36.79"
"07.04.2025","35.77"
"08.04.2025","35.83"
"09.04.2025","33.70"
"10.04.2025","33.26"
"11.04.2025","33.16"
"12.04.2025","33.16"
"13.04.2025","33.16"
"14.04.2025","34.44"
"15.04.2025","34.26"
"16.04.2025","35.65"
"17.04.2025","35.44"
"18.04.2025","35.44"
"19.04.2025","35.44"
"20.04.2025","35.44"
"21.04.2025","35.44"
"22.04.2025","34.20"
"23.04.2025","34.27"
"24.04.2025","33.49"
"25.04.2025","31.91"
"26.04.2025","31.91"
"27.04.2025","31.91"
"28.04.2025","31.86"
"29.04.2025","31.49"
"30.04.2025","31.79"
"01.05.2025","31.68"
"02.05.2025","33.02"
"03.05.2025","33.02"
"04.05.2025","33.02"
"05.05.2025","33.02"
"06.05.2025","34.71"
"07.05.2025","34.29"
"08.05.2025","35.31"
"09.05.2025","34.34"
"10.05.2025","34.34"
"11.05.2025","34.34"
"12.05.2025","35.31"
"13.05.2025","35.21"
"14.05.2025","34.52"
"15.05.2025","34.90"
"16.05.2025","34.81"
"17.05.2025","34.81"
"18.05.2025","34.81"
"19.05.2025","34.92"
"20.05.2025","37.36"
"21.05.2025","36.62"
"22.05.2025","36.01"
"23.05.2025","36.16"
"24.05.2025","36.16"
"25.05.2025","36.16"
"26.05.2025","36.16"
"27.05.2025","36.58"
"28.05.2025","36.31"
"29.05.2025","34.59"
"30.05.2025","33.66"
"31.05.2025","33.66"
"01.06.2025","33.66"
"02.06.2025","34.65"
"03.06.2025","35.48"
"04.06.2025","35.38"
"05.06.2025","36.19"
"06.06.2025","35.89"
"07.06.2025","35.89"
"08.06.2025","35.89"
"09.06.2025","35.34"
"10.06.2025","34.60"
"11.06.2025","35.45"
"12.06.2025","36.00"
"13.06.2025","37.41"
"14.06.2025","37.41"
"15.06.2025","37.41"
"16.06.2025","37.56"
"17.06.2025","38.85"
"18.06.2025","38.34"
"19.06.2025","41.41"
"20.06.2025","40.27"
"21.06.2025","40.27"
"22.06.2025","40.27"
"23.06.2025","39.92"
"24.06.2025","35.27"
"25.06.2025","35.17"
"26.06.2025","33.21"
"27.06.2025","32.54"
"28.06.2025","32.54"
"29.06.2025","32.54"
"30.06.2025","32.60"
"01.07.2025","32.99"
"02.07.2025","32.61"
"03.07.2025","32.91"
"04.07.2025","32.66"
"05.07.2025","32.66"
"06.07.2025","32.66"
"07.07.2025","33.14"
"08.07.2025","34.11"
"09.07.2025","34.27"
"10.07.2025","34.48"
"11.07.2025","35.01"
"12.07.2025","35.01"
"13.07.2025","35.01"
"14.07.2025","34.56"
"15.07.2025","33.66"
"16.07.2025","34.11"
"17.07.2025","34.15"
"18.07.2025","32.84"
"19.07.2025","32.84"
"20.07.2025","32.84"
"21.07.2025","32.73"
"22.07.2025","32.83"
"23.07.2025","32.50"
"24.07.2025","31.99"
"25.07.2025","31.66"
"26.07.2025","31.66"
"27.07.2025","31.66"
"28.07.2025","32.38"
"29.07.2025","33.36"
"30.07.2025","33.83"
"31.07.2025","34.14"
"01.08.2025","32.64"
"02.08.2025","32.64"
"03.08.2025","32.64"
"04.08.2025","33.02"
"05.08.2025","33.39"
"06.08.2025","32.71"
"07.08.2025","32.24"
"08.08.2025","31.41"
"09.08.2025","31.41"
"10.08.2025","31.41"
"11.08.2025","32.26"
"12.08.2025","31.69"
"13.08.2025","32.48"
"14.08.2025","31.77"
"15.08.2025","30.59"
"16.08.2025","30.59"
"17.08.2025","30.59"
"18.08.2025","30.51"
"19.08.2025","30.70"
"20.08.2025","32.00"
"21.08.2025","33.20"
"22.08.2025","33.11"
"23.08.2025","33.11"
"24.08.2025","33.11"
"25.08.2025","33.11"
"26.08.2025","33.26"
"27.08.2025","32.62"
"28.08.2025","31.64"
"29.08.2025","31.09"
"30.08.2025","31.09"
"31.08.2025","31.09"
"01.09.2025","31.86"
"02.09.2025","31.34"
"03.09.2025","31.04"
"04.09.2025","31.85"
"05.09.2025","31.24"
"06.09.2025","31.24"
"07.09.2025","31.24"
"08.09.2025","32.90"
"09.09.2025","33.04"
"10.09.2025","32.83"
"11.09.2025","31.52"
"12.09.2025","32.15"
"13.09.2025","32.15"
"14.09.2025","32.15"
"15.09.2025","31.81"
"16.09.2025","31.82"
"17.09.2025","32.01"
"18.09.2025","32.46"
"19.09.2025","31.82"
"20.09.2025","31.82"
"21.09.2025","31.82"
"22.09.2025","32.04"
"23.09.2025","32.56"
"24.09.2025","31.89"
"25.09.2025","32.45"
"26.09.2025","32.30"
"27.09.2025","32.30"
"28.09.2025","32.30"
"29.09.2025","31.93"
"30.09.2025","31.39"
"01.10.2025","32.01"
"02.10.2025","31.06"
"03.10.2025","30.89"
"04.10.2025","30.89"
"05.10.2025","30.89"
"06.10.2025","33.89"
"07.10.2025","33.67"
"08.10.2025","32.58"
"09.10.2025","32.29"
"10.10.2025","32.65"
"11.10.2025","32.65"
"12.10.2025","32.65"
"13.10.2025","32.16"
"14.10.2025","32.06"
"15.10.2025","32.20"
"16.10.2025","32.58"
"17.10.2025","31.91"
"18.10.2025","31.91"
"19.10.2025","31.91"
"20.10.2025","31.39"
"21.10.2025","32.33"
"22.10.2025","31.89"
"23.10.2025","32.49"
"24.10.2025","32.10"
"25.10.2025","32.10"
"26.10.2025","32.10"
"27.10.2025","31.43"
"28.10.2025","31.73"
"29.10.2025","31.61"
"30.10.2025","30.56"
"31.10.2025","30.34"
"01.11.2025","30.34"
"02.11.2025","30.34"
"03.11.2025","31.14"
"04.11.2025","31.90"
"05.11.2025","31.55"
"06.11.2025","31.52"
"07.11.2025","31.18"
"08.11.2025","31.18"
"09.11.2025","31.18"
"10.11.2025","30.24"
"11.11.2025","29.98"
"12.11.2025","30.15"
"13.11.2025","29.90"
"14.11.2025","30.74"
"15.11.2025","30.74"
"16.11.2025","30.74"
"17.11.2025","31.49"
"18.11.2025","31.64"
"19.11.2025","30.94"
"20.11.2025","31.39"
"21.11.2025","30.50"
"22.11.2025","30.50"
"23.11.2025","30.50"
"24.11.2025","30.25"
"25.11.2025","29.90"
"26.11.2025","29.50"
"27.11.2025","28.95"
"28.11.2025","28.80"
"29.11.2025","28.80"
"30.11.2025","28.80"
"01.12.2025","28.38"
"02.12.2025","28.31"
"03.12.2025","28.32"
"04.12.2025","27.05"
"05.12.2025","26.71"
"06.12.2025","26.71"
"07.12.2025","26.71"
"08.12.2025","26.56"
"09.12.2025","27.38"
"10.12.2025","26.75"
"11.12.2025","27.15"
"12.12.2025","27.56"
"13.12.2025","27.56"
"14.12.2025","27.56"
"15.12.2025","27.51"
"16.12.2025","26.95"
"17.12.2025","26.95"
"18.12.2025","27.09"
"19.12.2025","28.15"
"20.12.2025","28.15"
"21.12.2025","28.15"
"22.12.2025","27.54"
"23.12.2025","27.68"
"24.12.2025","28.35"
"25.12.2025","28.35"
"26.12.2025","28.35"
"27.12.2025","28.35"
"28.12.2025","28.35"
"29.12.2025","28.81"
"30.12.2025","27.88"
"31.12.2025","28.15"
"01.01.2026","28.15"
"02.01.2026","29.48"
"03.01.2026","29.48"
"04.01.2026","29.48"
"05.01.2026","28.25"
"06.01.2026","28.84"
"07.01.2026","29.24"
"08.01.2026","28.24"
"09.01.2026","28.96"
"10.01.2026","28.96"
"11.01.2026","28.96"
"12.01.2026","30.49"
"13.01.2026","31.56"
"14.01.2026","32.09"
"15.01.2026","33.50"
"16.01.2026","38.45"
"17.01.2026","38.45"
"18.01.2026","38.45"
"19.01.2026","36.66"
"20.01.2026","35.99"
"21.01.2026","40.19"
"22.01.2026","38.40"
"23.01.2026","40.54"
"24.01.2026","40.54"
"25.01.2026","40.54"
"26.01.2026","40.65"
"27.01.2026","39.79"
"28.01.2026","39.60"
"29.01.2026","40.26"
"30.01.2026","40.64"
"31.01.2026","40.64"
"01.02.2026","40.64"
"02.02.2026","34.34"
"03.02.2026","33.86"
"04.02.2026","34.20"
"05.02.2026","34.42"
"06.02.2026","36.35"
"07.02.2026","36.35"
"08.02.2026","36.35"
"09.02.2026","33.73"
"10.02.2026","31.59"
"11.02.2026","31.98"
"12.02.2026","32.74"
"13.02.2026","32.02"
"14.02.2026","32.02"
"15.02.2026","32.02"
"16.02.2026","30.91"
"17.02.2026","29.96"
"18.02.2026","31.19"
"19.02.2026","32.69"
"20.02.2026","30.73"
"21.02.2026","30.73"
"22.02.2026","30.73"
"23.02.2026","31.76"
"24.02.2026","30.46"
"25.02.2026","30.39"
"26.02.2026","31.35"
"27.02.2026","32.14"
"28.02.2026","32.14"
"01.03.2026","32.14"
"02.03.2026","43.90"
"03.03.2026","53.49"
"04.03.2026","46.80"
"05.03.2026","49.77"
"06.03.2026","51.33"
"07.03.2026","51.33"
"08.03.2026","51.33"
"09.03.2026","55.76"
"10.03.2026","46.60"
"11.03.2026","48.33"
"12.03.2026","50.12"
"13.03.2026","50.24"
"14.03.2026","50.24"
"15.03.2026","50.24"
"16.03.2026","51.14"
"17.03.2026","51.09"
"18.03.2026","53.86"
"19.03.2026","61.11"
"20.03.2026","58.11"
"21.03.2026","58.11"
"22.03.2026","58.11"
"23.03.2026","56.69"
"24.03.2026","52.74"
"25.03.2026","52.34"
"26.03.2026","55.48"
"27.03.2026","54.55"
"28.03.2026","54.55"
"29.03.2026","54.55"
"30.03.2026","55.12"
"31.03.2026","51.35"
"01.04.2026","48.54"
"02.04.2026","50.09"
"03.04.2026","50.09"
"04.04.2026","50.09"
"05.04.2026","50.09"
"06.04.2026","50.09"
"07.04.2026","52.83"
"08.04.2026","46.11"
